<annotation verified="no">
  <folder>VOC2007</folder>
  <filename>000015.jpg</filename>
  <source>
    <database>Unknown</database>
  </source>
  <size>
    <width>256</width>
    <height>256</height>
    <depth>3</depth>
  </size>
  <segmented>0</segmented>
  <object>
    <name>ship</name>
    <pose>Unspecified</pose>
    <truncated>0</truncated>
    <Difficult>0</Difficult>
    <bndbox>
      <xmin>156</xmin>
      <ymin>16</ymin>
      <xmax>186</xmax>
      <ymax>41</ymax>
    </bndbox>
  </object>
  <object>
    <name>ship</name>
    <pose>Unspecified</pose>
    <truncated>1</truncated>
    <Difficult>0</Difficult>
    <bndbox>
      <xmin>1</xmin>
      <ymin>5</ymin>
      <xmax>37</xmax>
      <ymax>24</ymax>
    </bndbox>
  </object>
</annotation>