<annotation verified="no">
  <folder>VOC2007</folder>
  <filename>000014.jpg</filename>
  <source>
    <database>Unknown</database>
  </source>
  <size>
    <width>256</width>
    <height>256</height>
    <depth>3</depth>
  </size>
  <segmented>0</segmented>
  <object>
    <name>ship</name>
    <pose>Unspecified</pose>
    <truncated>0</truncated>
    <Difficult>0</Difficult>
    <bndbox>
      <xmin>93</xmin>
      <ymin>210</ymin>
      <xmax>131</xmax>
      <ymax>228</ymax>
    </bndbox>
  </object>
  <object>
    <name>ship</name>
    <pose>Unspecified</pose>
    <truncated>0</truncated>
    <Difficult>0</Difficult>
    <bndbox>
      <xmin>125</xmin>
      <ymin>4</ymin>
      <xmax>163</xmax>
      <ymax>23</ymax>
    </bndbox>
  </object>
</annotation>