<annotation verified="no">
  <folder>VOC2007</folder>
  <filename>000041.jpg</filename>
  <source>
    <database>Unknown</database>
  </source>
  <size>
    <width>256</width>
    <height>256</height>
    <depth>3</depth>
  </size>
  <segmented>0</segmented>
  <object>
    <name>ship</name>
    <pose>Unspecified</pose>
    <truncated>0</truncated>
    <Difficult>0</Difficult>
    <bndbox>
      <xmin>94</xmin>
      <ymin>84</ymin>
      <xmax>131</xmax>
      <ymax>100</ymax>
    </bndbox>
  </object>
  <object>
    <name>ship</name>
    <pose>Unspecified</pose>
    <truncated>1</truncated>
    <Difficult>0</Difficult>
    <bndbox>
      <xmin>227</xmin>
      <ymin>119</ymin>
      <xmax>256</xmax>
      <ymax>140</ymax>
    </bndbox>
  </object>
</annotation>