<annotation verified="no">
  <folder>VOC2007</folder>
  <filename>000016.jpg</filename>
  <source>
    <database>Unknown</database>
  </source>
  <size>
    <width>256</width>
    <height>256</height>
    <depth>3</depth>
  </size>
  <segmented>0</segmented>
  <object>
    <name>ship</name>
    <pose>Unspecified</pose>
    <truncated>0</truncated>
    <Difficult>0</Difficult>
    <bndbox>
      <xmin>27</xmin>
      <ymin>16</ymin>
      <xmax>58</xmax>
      <ymax>40</ymax>
    </bndbox>
  </object>
  <object>
    <name>ship</name>
    <pose>Unspecified</pose>
    <truncated>1</truncated>
    <Difficult>0</Difficult>
    <bndbox>
      <xmin>221</xmin>
      <ymin>99</ymin>
      <xmax>256</xmax>
      <ymax>126</ymax>
    </bndbox>
  </object>
</annotation>