<annotation verified="no">
  <folder>VOC2007</folder>
  <filename>000196.jpg</filename>
  <source>
    <database>Unknown</database>
  </source>
  <size>
    <width>256</width>
    <height>256</height>
    <depth>3</depth>
  </size>
  <segmented>0</segmented>
  <object>
    <name>ship</name>
    <pose>Unspecified</pose>
    <truncated>0</truncated>
    <Difficult>0</Difficult>
    <bndbox>
      <xmin>20</xmin>
      <ymin>110</ymin>
      <xmax>49</xmax>
      <ymax>124</ymax>
    </bndbox>
  </object>
  <object>
    <name>ship</name>
    <pose>Unspecified</pose>
    <truncated>1</truncated>
    <Difficult>0</Difficult>
    <bndbox>
      <xmin>234</xmin>
      <ymin>118</ymin>
      <xmax>256</xmax>
      <ymax>133</ymax>
    </bndbox>
  </object>
</annotation>