<annotation verified="no">
  <folder>VOC2007</folder>
  <filename>000170.jpg</filename>
  <source>
    <database>Unknown</database>
  </source>
  <size>
    <width>256</width>
    <height>256</height>
    <depth>3</depth>
  </size>
  <segmented>0</segmented>
  <object>
    <name>ship</name>
    <pose>Unspecified</pose>
    <truncated>0</truncated>
    <Difficult>0</Difficult>
    <bndbox>
      <xmin>80</xmin>
      <ymin>163</ymin>
      <xmax>122</xmax>
      <ymax>187</ymax>
    </bndbox>
  </object>
  <object>
    <name>ship</name>
    <pose>Unspecified</pose>
    <truncated>0</truncated>
    <Difficult>0</Difficult>
    <bndbox>
      <xmin>169</xmin>
      <ymin>60</ymin>
      <xmax>205</xmax>
      <ymax>88</ymax>
    </bndbox>
  </object>
</annotation>