<annotation verified="no">
  <folder>VOC2007</folder>
  <filename>000117.jpg</filename>
  <source>
    <database>Unknown</database>
  </source>
  <size>
    <width>256</width>
    <height>256</height>
    <depth>3</depth>
  </size>
  <segmented>0</segmented>
  <object>
    <name>ship</name>
    <pose>Unspecified</pose>
    <truncated>0</truncated>
    <Difficult>0</Difficult>
    <bndbox>
      <xmin>57</xmin>
      <ymin>76</ymin>
      <xmax>97</xmax>
      <ymax>98</ymax>
    </bndbox>
  </object>
  <object>
    <name>ship</name>
    <pose>Unspecified</pose>
    <truncated>0</truncated>
    <Difficult>0</Difficult>
    <bndbox>
      <xmin>153</xmin>
      <ymin>125</ymin>
      <xmax>213</xmax>
      <ymax>159</ymax>
    </bndbox>
  </object>
</annotation>