<annotation verified="no">
  <folder>VOC2007</folder>
  <filename>000195.jpg</filename>
  <source>
    <database>Unknown</database>
  </source>
  <size>
    <width>256</width>
    <height>256</height>
    <depth>3</depth>
  </size>
  <segmented>0</segmented>
  <object>
    <name>ship</name>
    <pose>Unspecified</pose>
    <truncated>0</truncated>
    <Difficult>0</Difficult>
    <bndbox>
      <xmin>14</xmin>
      <ymin>207</ymin>
      <xmax>51</xmax>
      <ymax>235</ymax>
    </bndbox>
  </object>
  <object>
    <name>ship</name>
    <pose>Unspecified</pose>
    <truncated>0</truncated>
    <Difficult>0</Difficult>
    <bndbox>
      <xmin>150</xmin>
      <ymin>109</ymin>
      <xmax>176</xmax>
      <ymax>123</ymax>
    </bndbox>
  </object>
</annotation>