<annotation verified="no">
  <folder>VOC2007</folder>
  <filename>000262.jpg</filename>
  <source>
    <database>Unknown</database>
  </source>
  <size>
    <width>256</width>
    <height>256</height>
    <depth>3</depth>
  </size>
  <segmented>0</segmented>
  <object>
    <name>ship</name>
    <pose>Unspecified</pose>
    <truncated>0</truncated>
    <Difficult>0</Difficult>
    <bndbox>
      <xmin>144</xmin>
      <ymin>59</ymin>
      <xmax>160</xmax>
      <ymax>92</ymax>
    </bndbox>
  </object>
  <object>
    <name>ship</name>
    <pose>Unspecified</pose>
    <truncated>0</truncated>
    <Difficult>0</Difficult>
    <bndbox>
      <xmin>145</xmin>
      <ymin>27</ymin>
      <xmax>163</xmax>
      <ymax>45</ymax>
    </bndbox>
  </object>
  <object>
    <name>ship</name>
    <pose>Unspecified</pose>
    <truncated>0</truncated>
    <Difficult>0</Difficult>
    <bndbox>
      <xmin>113</xmin>
      <ymin>63</ymin>
      <xmax>137</xmax>
      <ymax>92</ymax>
    </bndbox>
  </object>
</annotation>