<annotation verified="no">
  <folder>VOC2007</folder>
  <filename>000247.jpg</filename>
  <source>
    <database>Unknown</database>
  </source>
  <size>
    <width>256</width>
    <height>256</height>
    <depth>3</depth>
  </size>
  <segmented>0</segmented>
  <object>
    <name>ship</name>
    <pose>Unspecified</pose>
    <truncated>0</truncated>
    <Difficult>0</Difficult>
    <bndbox>
      <xmin>90</xmin>
      <ymin>146</ymin>
      <xmax>117</xmax>
      <ymax>160</ymax>
    </bndbox>
  </object>
  <object>
    <name>ship</name>
    <pose>Unspecified</pose>
    <truncated>0</truncated>
    <Difficult>0</Difficult>
    <bndbox>
      <xmin>147</xmin>
      <ymin>121</ymin>
      <xmax>193</xmax>
      <ymax>147</ymax>
    </bndbox>
  </object>
</annotation>