<annotation verified="no">
  <folder>VOC2007</folder>
  <filename>000265.jpg</filename>
  <source>
    <database>Unknown</database>
  </source>
  <size>
    <width>256</width>
    <height>256</height>
    <depth>3</depth>
  </size>
  <segmented>0</segmented>
  <object>
    <name>ship</name>
    <pose>Unspecified</pose>
    <truncated>0</truncated>
    <Difficult>0</Difficult>
    <bndbox>
      <xmin>84</xmin>
      <ymin>193</ymin>
      <xmax>119</xmax>
      <ymax>217</ymax>
    </bndbox>
  </object>
  <object>
    <name>ship</name>
    <pose>Unspecified</pose>
    <truncated>0</truncated>
    <Difficult>0</Difficult>
    <bndbox>
      <xmin>130</xmin>
      <ymin>170</ymin>
      <xmax>170</xmax>
      <ymax>195</ymax>
    </bndbox>
  </object>
  <object>
    <name>ship</name>
    <pose>Unspecified</pose>
    <truncated>0</truncated>
    <Difficult>0</Difficult>
    <bndbox>
      <xmin>215</xmin>
      <ymin>127</ymin>
      <xmax>252</xmax>
      <ymax>152</ymax>
    </bndbox>
  </object>
</annotation>