<annotation verified="no">
  <folder>VOC2007</folder>
  <filename>000305.jpg</filename>
  <source>
    <database>Unknown</database>
  </source>
  <size>
    <width>256</width>
    <height>256</height>
    <depth>3</depth>
  </size>
  <segmented>0</segmented>
  <object>
    <name>ship</name>
    <pose>Unspecified</pose>
    <truncated>0</truncated>
    <Difficult>0</Difficult>
    <bndbox>
      <xmin>2</xmin>
      <ymin>42</ymin>
      <xmax>38</xmax>
      <ymax>67</ymax>
    </bndbox>
  </object>
  <object>
    <name>ship</name>
    <pose>Unspecified</pose>
    <truncated>1</truncated>
    <Difficult>0</Difficult>
    <bndbox>
      <xmin>87</xmin>
      <ymin>1</ymin>
      <xmax>123</xmax>
      <ymax>23</ymax>
    </bndbox>
  </object>
</annotation>