<annotation verified="yes">
  <folder>VOC2007</folder>
  <filename>000379.jpg</filename>
  <source>
    <database>Unknown</database>
  </source>
  <size>
    <width>256</width>
    <height>256</height>
    <depth>3</depth>
  </size>
  <segmented>0</segmented>
  <object>
    <name>ship</name>
    <pose>Unspecified</pose>
    <truncated>0</truncated>
    <Difficult>0</Difficult>
    <bndbox>
      <xmin>27</xmin>
      <ymin>143</ymin>
      <xmax>58</xmax>
      <ymax>168</ymax>
    </bndbox>
  </object>
  <object>
    <name>ship</name>
    <pose>Unspecified</pose>
    <truncated>1</truncated>
    <Difficult>0</Difficult>
    <bndbox>
      <xmin>222</xmin>
      <ymin>226</ymin>
      <xmax>256</xmax>
      <ymax>254</ymax>
    </bndbox>
  </object>
</annotation>