<annotation verified="no">
  <folder>VOC2007</folder>
  <filename>000318.jpg</filename>
  <source>
    <database>Unknown</database>
  </source>
  <size>
    <width>256</width>
    <height>256</height>
    <depth>3</depth>
  </size>
  <segmented>0</segmented>
  <object>
    <name>ship</name>
    <pose>Unspecified</pose>
    <truncated>0</truncated>
    <Difficult>0</Difficult>
    <bndbox>
      <xmin>136</xmin>
      <ymin>24</ymin>
      <xmax>155</xmax>
      <ymax>43</ymax>
    </bndbox>
  </object>
  <object>
    <name>ship</name>
    <pose>Unspecified</pose>
    <truncated>0</truncated>
    <Difficult>0</Difficult>
    <bndbox>
      <xmin>156</xmin>
      <ymin>57</ymin>
      <xmax>180</xmax>
      <ymax>79</ymax>
    </bndbox>
  </object>
</annotation>