<annotation verified="yes">
  <folder>VOC2007</folder>
  <filename>000366.jpg</filename>
  <source>
    <database>Unknown</database>
  </source>
  <size>
    <width>256</width>
    <height>256</height>
    <depth>3</depth>
  </size>
  <segmented>0</segmented>
  <object>
    <name>ship</name>
    <pose>Unspecified</pose>
    <truncated>1</truncated>
    <Difficult>0</Difficult>
    <bndbox>
      <xmin>1</xmin>
      <ymin>25</ymin>
      <xmax>27</xmax>
      <ymax>45</ymax>
    </bndbox>
  </object>
  <object>
    <name>ship</name>
    <pose>Unspecified</pose>
    <truncated>0</truncated>
    <Difficult>0</Difficult>
    <bndbox>
      <xmin>159</xmin>
      <ymin>136</ymin>
      <xmax>189</xmax>
      <ymax>159</ymax>
    </bndbox>
  </object>
</annotation>