<annotation verified="yes">
  <folder>VOC2007</folder>
  <filename>000378.jpg</filename>
  <source>
    <database>Unknown</database>
  </source>
  <size>
    <width>256</width>
    <height>256</height>
    <depth>3</depth>
  </size>
  <segmented>0</segmented>
  <object>
    <name>ship</name>
    <pose>Unspecified</pose>
    <truncated>1</truncated>
    <Difficult>0</Difficult>
    <bndbox>
      <xmin>1</xmin>
      <ymin>133</ymin>
      <xmax>38</xmax>
      <ymax>153</ymax>
    </bndbox>
  </object>
  <object>
    <name>ship</name>
    <pose>Unspecified</pose>
    <truncated>0</truncated>
    <Difficult>0</Difficult>
    <bndbox>
      <xmin>155</xmin>
      <ymin>144</ymin>
      <xmax>187</xmax>
      <ymax>169</ymax>
    </bndbox>
  </object>
</annotation>