<annotation verified="no">
  <folder>VOC2007</folder>
  <filename>000303.jpg</filename>
  <source>
    <database>Unknown</database>
  </source>
  <size>
    <width>256</width>
    <height>256</height>
    <depth>3</depth>
  </size>
  <segmented>0</segmented>
  <object>
    <name>ship</name>
    <pose>Unspecified</pose>
    <truncated>0</truncated>
    <Difficult>0</Difficult>
    <bndbox>
      <xmin>6</xmin>
      <ymin>152</ymin>
      <xmax>27</xmax>
      <ymax>172</ymax>
    </bndbox>
  </object>
  <object>
    <name>ship</name>
    <pose>Unspecified</pose>
    <truncated>0</truncated>
    <Difficult>0</Difficult>
    <bndbox>
      <xmin>30</xmin>
      <ymin>184</ymin>
      <xmax>53</xmax>
      <ymax>209</ymax>
    </bndbox>
  </object>
  <object>
    <name>ship</name>
    <pose>Unspecified</pose>
    <truncated>0</truncated>
    <Difficult>0</Difficult>
    <bndbox>
      <xmin>211</xmin>
      <ymin>209</ymin>
      <xmax>223</xmax>
      <ymax>245</ymax>
    </bndbox>
  </object>
</annotation>