<annotation verified="no">
  <folder>VOC2007</folder>
  <filename>000319.jpg</filename>
  <source>
    <database>Unknown</database>
  </source>
  <size>
    <width>256</width>
    <height>256</height>
    <depth>3</depth>
  </size>
  <segmented>0</segmented>
  <object>
    <name>ship</name>
    <pose>Unspecified</pose>
    <truncated>0</truncated>
    <Difficult>0</Difficult>
    <bndbox>
      <xmin>7</xmin>
      <ymin>25</ymin>
      <xmax>27</xmax>
      <ymax>44</ymax>
    </bndbox>
  </object>
  <object>
    <name>ship</name>
    <pose>Unspecified</pose>
    <truncated>0</truncated>
    <Difficult>0</Difficult>
    <bndbox>
      <xmin>29</xmin>
      <ymin>56</ymin>
      <xmax>51</xmax>
      <ymax>80</ymax>
    </bndbox>
  </object>
  <object>
    <name>ship</name>
    <pose>Unspecified</pose>
    <truncated>0</truncated>
    <Difficult>0</Difficult>
    <bndbox>
      <xmin>210</xmin>
      <ymin>83</ymin>
      <xmax>221</xmax>
      <ymax>115</ymax>
    </bndbox>
  </object>
</annotation>