<annotation verified="no">
  <folder>VOC2007</folder>
  <filename>000412.jpg</filename>
  <source>
    <database>Unknown</database>
  </source>
  <size>
    <width>256</width>
    <height>256</height>
    <depth>3</depth>
  </size>
  <segmented>0</segmented>
  <object>
    <name>ship</name>
    <pose>Unspecified</pose>
    <truncated>0</truncated>
    <Difficult>0</Difficult>
    <bndbox>
      <xmin>82</xmin>
      <ymin>213</ymin>
      <xmax>114</xmax>
      <ymax>244</ymax>
    </bndbox>
  </object>
</annotation>