<annotation verified="no">
  <folder>VOC2007</folder>
  <filename>000426.jpg</filename>
  <source>
    <database>Unknown</database>
  </source>
  <size>
    <width>256</width>
    <height>256</height>
    <depth>3</depth>
  </size>
  <segmented>0</segmented>
  <object>
    <name>ship</name>
    <pose>Unspecified</pose>
    <truncated>0</truncated>
    <Difficult>0</Difficult>
    <bndbox>
      <xmin>115</xmin>
      <ymin>187</ymin>
      <xmax>131</xmax>
      <ymax>214</ymax>
    </bndbox>
  </object>
  <object>
    <name>ship</name>
    <pose>Unspecified</pose>
    <truncated>0</truncated>
    <Difficult>0</Difficult>
    <bndbox>
      <xmin>5</xmin>
      <ymin>45</ymin>
      <xmax>35</xmax>
      <ymax>68</ymax>
    </bndbox>
  </object>
</annotation>